{
    "rmse": 2253.4424302577672,
    "mae": 1832.5437217739798,
    "r2": -0.002118782571839617
}